model,mean_eer,std_eer,best_eer,best_epoch,best_seed,runs
cnn2d,0.004889346371590324,0.0012062532166752446,0.0034820509521358723,17,2,5
