model,mean_eer,std_eer,best_eer,best_epoch,best_seed,runs
cnn2d,0.005492472979927946,0.0,0.005492472979927946,11,0,1
cnn1d,0.029006369016984043,0.0,0.029006369016984043,3,0,1
cnn2d_spatial,0.029006369016984043,0.0,0.029006369016984043,9,0,1
cnn1d_spatial,0.03449884199691199,0.0,0.03449884199691199,7,0,1
mlp,0.331993051981472,0.0,0.331993051981472,4,0,1
stats_mlp,0.4829837879567679,0.0,0.4829837879567679,1,0,1
