model,seed,best_eer,best_epoch,best_dev_loss
cnn2d,0,0.005492472979927946,11,0.06315938333654776
cnn2d,1,0.006497683993823984,8,0.06731233004108071
cnn2d,2,0.0034820509521358723,17,0.12098870136379264
cnn2d,3,0.005492472979927946,5,0.23430164458602667
cnn2d,4,0.0034820509521358723,10,0.14175134282000362
